{
  "project_info": {
    "project_number": "982136635820",
    "firebase_url": "https://tugas-akhir-cffaa-default-rtdb.firebaseio.com",
    "project_id": "tugas-akhir-cffaa",
    "storage_bucket": "tugas-akhir-cffaa.appspot.com"
  },
  "client": [
    {
      "client_info": {
        "mobilesdk_app_id": "1:982136635820:android:f62190f4c3e0c117bbfa09",
        "android_client_info": {
          "package_name": "com.example.tugasakhir"
        }
      },
      "oauth_client": [
        {
          "client_id": "982136635820-ioskhiokh91jdgco7u33fs2onvctb7s9.apps.googleusercontent.com",
          "client_type": 3
        }
      ],
      "api_key": [
        {
          "current_key": "AIzaSyBglsyS1WC-Ib3lwHVsV8XENC5gtJpWCNU"
        }
      ],
      "services": {
        "appinvite_service": {
          "other_platform_oauth_client": [
            {
              "client_id": "982136635820-ioskhiokh91jdgco7u33fs2onvctb7s9.apps.googleusercontent.com",
              "client_type": 3
            }
          ]
        }
      }
    }
  ],
  "configuration_version": "1"
}